title,url,channel,domain,watched,extracted,notes
الدحيح | الزومبي.. الوحوش التي تعلمنا كيف نبقى أحياء,https://www.youtube.com/watch?v=VWo4oRWT3eU,aj_kabrit,,,,
الدحيح | بلاك ووتر.. كيف تحولت الحرب إلى تجارة؟,https://www.youtube.com/watch?v=CJoPSoI2vdM,aj_kabrit,,,,
الدحيح | كيف غيّر الزجاج العالم؟,https://www.youtube.com/watch?v=TMLRF0zWLfE,aj_kabrit,,,,
الدحيح | كيف شارك المسلمون في بناء الولايات المتحدة الامريكية؟,https://www.youtube.com/watch?v=46zCcun60TQ,aj_kabrit,,,,
الدحيح | السرطان.. أقدم مرض في التاريخ,https://www.youtube.com/watch?v=4X-OmBthhgU,aj_kabrit,,,,
الدحيح | غسيل الأموال.. سرطان يفتك باقتصاد العالم,https://www.youtube.com/watch?v=e4jG8FiPfVc,aj_kabrit,,,,
الدحيح | سؤال بـ 64 دولار حوّل أمريكا إلى محكمة تفتيش,https://www.youtube.com/watch?v=HpR2pAM713U,aj_kabrit,,,,
الدحيح | ريتشارد سورغ.. الجاسوس الذي صنع التاريخ,https://www.youtube.com/watch?v=2pyzFvZLuGA,aj_kabrit,,,,
"الدحيح | القتل بسبب الرفض.. عندما تكون ""لا"" معناها الموت!",https://www.youtube.com/watch?v=dRKI26JfSf4,aj_kabrit,,,,
الدحيح | قرن الإذلال الصيني,https://www.youtube.com/watch?v=7IfON4fF1OQ,aj_kabrit,,,,
الدحيح | لماذا لا نستطيع الهروب من فيسبوك؟,https://www.youtube.com/watch?v=R7f5uoylrS8,aj_kabrit,,,,
الدحيح | ماذا لو انتصر النازيون في الحرب العالمية الثانية؟,https://www.youtube.com/watch?v=DQkCIxnkOyk,aj_kabrit,,,,
الدحيح | سمعته تسبقه.. ملك الغابة بين الرمز والحقيقة,https://www.youtube.com/watch?v=mHpAqi7OssU,aj_kabrit,,,,
الدحيح | هل الصمت التام راحة؟,https://www.youtube.com/watch?v=fAd2nKfrDB8,aj_kabrit,,,,
الدحيح | كيف بدأ العد؟,https://www.youtube.com/watch?v=ajkuJMuff30,aj_kabrit,,,,
الدحيح | النازي والطبيب.. الشر في مُحاكمة نفسية,https://www.youtube.com/watch?v=bUXgtEkvHTQ,aj_kabrit,,,,
الدحيح | تايلور سويفت.. كيف تحول الفن لسلعة؟,https://www.youtube.com/watch?v=ahPSHLEVsUE,aj_kabrit,,,,
الدحيح | أبطأ كائن وأطول نفس,https://www.youtube.com/watch?v=fuiEIrJUIZc,aj_kabrit,,,,
الدحيح | إسبرطة.. كيف لجيش أن يصنع مجتمع وأمة؟,https://www.youtube.com/watch?v=LiyObO4EUWM,aj_kabrit,,,,
الدحيح | كيف تتفاوض مع طفلك؟ إليك الدليل الكامل,https://www.youtube.com/watch?v=PYTNW_1-fPk,aj_kabrit,,,,
الدحيح - ناطحات سحاب,https://www.youtube.com/watch?v=SPYG5Dt__pY,aj_kabrit,,,,
الدحيح - القولون,https://www.youtube.com/watch?v=jmJxRrqZPJU,aj_kabrit,,,,
الدحيح - 100 مليون سنة أكل,https://www.youtube.com/watch?v=cz1CcW9CaLI,aj_kabrit,,,,
الدحيح - كيف تصنع الترند؟,https://www.youtube.com/watch?v=SPjOesmRBK4,aj_kabrit,,,,
الدحيح - البزنس الذكي,https://www.youtube.com/watch?v=EDEkqDe-MF8,aj_kabrit,,,,
الدحيح - الرجل العنكبوت,https://www.youtube.com/watch?v=AGJ4Xm7PyhU,aj_kabrit,,,,
الدحيح - الإنفلونزا الإسبانية,https://www.youtube.com/watch?v=Eq2ONmBX9yo,aj_kabrit,,,,
الدحيح - الهبد,https://www.youtube.com/watch?v=AwlKoRY_76U,aj_kabrit,,,,
الدحيح - شوربة الخفافيش,https://www.youtube.com/watch?v=Hu89bW1_QMI,aj_kabrit,,,,
الدحيح - تيك توك,https://www.youtube.com/watch?v=o-vXOZzyqVc,aj_kabrit,,,,
الدحيح - كلما يقل يكثر,https://www.youtube.com/watch?v=-agh_oZxaoE,aj_kabrit,,,,
الدحيح - أبوك كل بالليل,https://www.youtube.com/watch?v=iTaQIhEJXtU,aj_kabrit,,,,
الدحيح - الصيام,https://www.youtube.com/watch?v=lgDR_6xD1KY,aj_kabrit,,,,
الدحيح - التعاطف,https://www.youtube.com/watch?v=jJ3UNIMSMxI,aj_kabrit,,,,
الدحيح - 3.14159,https://www.youtube.com/watch?v=OuiO0hce2QE,aj_kabrit,,,,
الدحيح - إخوات في الرضاعة,https://www.youtube.com/watch?v=OUa3uhxG0c0,aj_kabrit,,,,
الدحيح - كرة القدم الأمريكية,https://www.youtube.com/watch?v=nDv408Zl84c,aj_kabrit,,,,
الدحيح - الدحيح كوميدي,https://www.youtube.com/watch?v=975UwPgUkNw,aj_kabrit,,,,
الدحيح - التدخين والسرطان,https://www.youtube.com/watch?v=8ONyl5wXyVY,aj_kabrit,,,,
الدحيح - هزت عرش العلم,https://www.youtube.com/watch?v=N-QJlHPAYDE,aj_kabrit,,,,
الدحيح - الحياة في زمن الكورونا,https://www.youtube.com/watch?v=ipUznKIhHrg,aj_kabrit,,,,
الدحيح - جائحة كورونا,https://www.youtube.com/watch?v=I0h3onMey-4,aj_kabrit,,,,
الدحيح - أسوأ أم,https://www.youtube.com/watch?v=MhGIO7w3a9U,aj_kabrit,,,,
الدحيح - لازم نسيب بعض,https://www.youtube.com/watch?v=8mQ-v11SeRM,aj_kabrit,,,,
الدحيح - أخناتون,https://www.youtube.com/watch?v=PU4Nq-5Q1Sc,aj_kabrit,,,,
الدحيح - كورونا (كوفيد-19),https://www.youtube.com/watch?v=mawje1RAKOw,aj_kabrit,,,,
الدحيح - الرياضيات المحرمة,https://www.youtube.com/watch?v=Qyvtcpw8NwI,aj_kabrit,,,,
الدحيح - حلقة مش وحشة,https://www.youtube.com/watch?v=J_s1LtMd2zY,aj_kabrit,,,,
الدحيح - روبين ويليامز,https://www.youtube.com/watch?v=hKDxUuSfw9Q,aj_kabrit,,,,
الدحيح - شبابيك اللغة,https://www.youtube.com/watch?v=5Tf22l6szhg,aj_kabrit,,,,
الدحيح - الشتاء قادم,https://www.youtube.com/watch?v=Jp_Y5P8Qpus,aj_kabrit,,,,
الدحيح - من خاف سلم,https://www.youtube.com/watch?v=UNbXsGSJpbs,aj_kabrit,,,,
الدحيح - أشهر لوحة في العالم,https://www.youtube.com/watch?v=-X7dsuOPKtg,aj_kabrit,,,,
الدحيح - الرقاقة الخطيرة,https://www.youtube.com/watch?v=LcyTafn0f2s,aj_kabrit,,,,
الدحيح - العلاج بالصلصة,https://www.youtube.com/watch?v=YXgbDFPRGjc,aj_kabrit,,,,
الدحيح - كيف يتعلم الأطباء؟,https://www.youtube.com/watch?v=UBUnXo1exBU,aj_kabrit,,,,
الدحيح - قانون بنفورد,https://www.youtube.com/watch?v=YVk8olC0fmw,aj_kabrit,,,,
الدحيح - موزاليزا,https://www.youtube.com/watch?v=uZL3018Y5Tk,aj_kabrit,,,,
الدحيح - الحبة الزرقاء,https://www.youtube.com/watch?v=VKGgzzJ4dK0,aj_kabrit,,,,
الدحيح - الأسطول الأصفر,https://www.youtube.com/watch?v=wG4-nSUXMUM,aj_kabrit,,,,
الدحيح - البقاء,https://www.youtube.com/watch?v=XLEhRU1wlg4,aj_kabrit,,,,
الدحيح - الرفض,https://www.youtube.com/watch?v=12LBGRT2cho,aj_kabrit,,,,
الدحيح - الصلع,https://www.youtube.com/watch?v=DC4v9B0urGg,aj_kabrit,,,,
الدحيح - ثقوب ما لهاش لازمة,https://www.youtube.com/watch?v=gPl0CSEpRg8,aj_kabrit,,,,
الدحيح - اللانهائية,https://www.youtube.com/watch?v=sP3ilRaSPvM,aj_kabrit,,,,
الدحيح - هدنة عيد الميلاد,https://www.youtube.com/watch?v=Negh_LoRmIo,aj_kabrit,,,,
الدحيح - مديرون أشرار,https://www.youtube.com/watch?v=VRPcciuIMb8,aj_kabrit,,,,
الدحيح - فلوس الأغنياء,https://www.youtube.com/watch?v=DXmDxlKWHYo,aj_kabrit,,,,
الدحيح - الحرب العالمية الأولى,https://www.youtube.com/watch?v=saYVbgdn3VU,aj_kabrit,,,,
الدحيح - أهم تاكسي في التاريخ,https://www.youtube.com/watch?v=q1fXIbe5s7s,aj_kabrit,,,,
الدحيح - صعود أوبر,https://www.youtube.com/watch?v=PNkchH_EFec,aj_kabrit,,,,
الدحيح - لازم تنام,https://www.youtube.com/watch?v=H5pTxwNoYb8,aj_kabrit,,,,
الدحيح - موظفون بؤساء,https://www.youtube.com/watch?v=rrnHkoGLyNU,aj_kabrit,,,,
الدحيح - جنكستان,https://www.youtube.com/watch?v=EADToaHo188,aj_kabrit,,,,
الدحيح - طريقة عمل اللغة,https://www.youtube.com/watch?v=8FVHipm2O5I,aj_kabrit,,,,
الدحيح - قانون الغابة,https://www.youtube.com/watch?v=aZI5UF1EWw8,aj_kabrit,,,,
الدحيح - البكتيريا الشقية,https://www.youtube.com/watch?v=SzMRf9ONm_g,aj_kabrit,,,,
الدحيح - ظاهرة الكلب المستضعف,https://www.youtube.com/watch?v=hUwssGjyNS0,aj_kabrit,,,,
الدحيح - الرياضيون الخارقون,https://www.youtube.com/watch?v=natBdoO3E7k,aj_kabrit,,,,
الدحيح - الشاويش بطوط,https://www.youtube.com/watch?v=3C2tG2eH9-k,aj_kabrit,,,,
الدحيح - المجاز والجواز,https://www.youtube.com/watch?v=fasGAHGfMpc,aj_kabrit,,,,
الدحيح - الفراعنة في 1602 ثانية,https://www.youtube.com/watch?v=NDiAWaODyXM,aj_kabrit,,,,
الدحيح - الضغط العصبي,https://www.youtube.com/watch?v=8s3waZw1as0,aj_kabrit,,,,
الدحيح - الدحيح الحبّيب,https://www.youtube.com/watch?v=uzEZ-_tfNsM,aj_kabrit,,,,
الدحيح - الدولفين الأزرق,https://www.youtube.com/watch?v=DSwejW3NelU,aj_kabrit,,,,
الدحيح - الجوكر,https://www.youtube.com/watch?v=ih9bnh9QcwE,aj_kabrit,,,,
الدحيح - تغريدة المخابرات الأمريكية,https://www.youtube.com/watch?v=GXuxaKo73oY,aj_kabrit,,,,
الدحيح - أخو نيمار,https://www.youtube.com/watch?v=6xJQglUbro8,aj_kabrit,,,,
الدحيح - أم جرثوم,https://www.youtube.com/watch?v=LqmKFLuCvSM,aj_kabrit,,,,
الدحيح - الوحدة,https://www.youtube.com/watch?v=aKrXC_QdfMA,aj_kabrit,,,,
الدحيح - عملة الفيسبوك,https://www.youtube.com/watch?v=psR8ss55AzA,aj_kabrit,,,,
الدحيح - علاقات سامة,https://www.youtube.com/watch?v=t96BJxce_PA,aj_kabrit,,,,
الدحيح - عفاريت الأسفلت,https://www.youtube.com/watch?v=Y7I9hmWCrrg,aj_kabrit,,,,
الدحيح - هنعوض في الفاينل,https://www.youtube.com/watch?v=udr1bdC6VB0,aj_kabrit,,,,
الدحيح - حرب فيتنام 2,https://www.youtube.com/watch?v=cilkoN8EwJw,aj_kabrit,,,,
الدحيح - حرب فيتنام 1,https://www.youtube.com/watch?v=aQlY7XnzJvQ,aj_kabrit,,,,
الدحيح - القفز للمستقبل,https://www.youtube.com/watch?v=4aIxY-pGEQ4,aj_kabrit,,,,
الدحيح - التوازي العلمي,https://www.youtube.com/watch?v=s92_WAmOc7Q,aj_kabrit,,,,
الدحيح - الدولار,https://www.youtube.com/watch?v=CG48pSyK8GU,aj_kabrit,,,,
الدحيح - التمساح المجنح,https://www.youtube.com/watch?v=ZQER0246qbA,aj_kabrit,,,,
الدحيح - أجهزة عذراء,https://www.youtube.com/watch?v=1iZftbIYaV0,aj_kabrit,,,,
الدحيح - يوتوبيا,https://www.youtube.com/watch?v=bkRPdt6xSEQ,aj_kabrit,,,,
الدحيح - البطريق,https://www.youtube.com/watch?v=L43eKPMO1so,aj_kabrit,,,,
الدحيح - إبادة الكتب,https://www.youtube.com/watch?v=BKGJwCTiN74,aj_kabrit,,,,
الدحيح - قنبلة المادة المضادة,https://www.youtube.com/watch?v=WC7H6-U7T34,aj_kabrit,,,,
الدحيح - فيلم العيد,https://www.youtube.com/watch?v=ueh4P1CF1VY,aj_kabrit,,,,
الدحيح - حلقة مدفوعة الأجر,https://www.youtube.com/watch?v=fnp4qbQRO8Q,aj_kabrit,,,,
الدحيح - زوبعة فنجان,https://www.youtube.com/watch?v=_9NiZWRrM7Y,aj_kabrit,,,,
الدحيح - الأشعة الكونية,https://www.youtube.com/watch?v=W5xtfJ9NF2E,aj_kabrit,,,,
الدحيح - الرعب النووي,https://www.youtube.com/watch?v=fPYCDLymh4Q,aj_kabrit,,,,
الدحيح - الهاتف الذكي,https://www.youtube.com/watch?v=P6Dqi2DZHYU,aj_kabrit,,,,
الدحيح - اختبار الذكاء,https://www.youtube.com/watch?v=bkqGAcAmyJc,aj_kabrit,,,,
الدحيح - الرجل الأبيض شايل سيفه,https://www.youtube.com/watch?v=mP6Psd6YcQI,aj_kabrit,,,,
الدحيح - اليابان الرِّوش,https://www.youtube.com/watch?v=UuwA_avpd8o,aj_kabrit,,,,
الدحيح - هو وهي ودوائر الهوية,https://www.youtube.com/watch?v=PyJzz0zncU4,aj_kabrit,,,,
الدحيح - الذكاء الغبي,https://www.youtube.com/watch?v=aqKHbCwhA9Y,aj_kabrit,,,,
الدحيح - الطاقة المظلمة,https://www.youtube.com/watch?v=exX2Bi1EYJ4,aj_kabrit,,,,
الدحيح - كله بالبركة,https://www.youtube.com/watch?v=2d_5xO9ZSPY,aj_kabrit,,,,
الدحيح - القرصنة,https://www.youtube.com/watch?v=F3kut9M4ick,aj_kabrit,,,,
الدحيح - خيار وتفاح,https://www.youtube.com/watch?v=4q7SFKBXVro,aj_kabrit,,,,
الدحيح - حرب كرة القدم,https://www.youtube.com/watch?v=8TIygq4QHh4,aj_kabrit,,,,
"الدحيح - ""كوبي رايت""",https://www.youtube.com/watch?v=CylgmoixaP0,aj_kabrit,,,,
الدحيح - لا ناموس بعد اليوم,https://www.youtube.com/watch?v=YZo8TjZGrsE,aj_kabrit,,,,
الدحيح - فيلم ثقافي,https://www.youtube.com/watch?v=0l7MMsJ4i4I,aj_kabrit,,,,
الدحيح - مدمن نجاحات,https://www.youtube.com/watch?v=YdvywuZVrfs,aj_kabrit,,,,
الدحيح - يا محاسن الصدف,https://www.youtube.com/watch?v=4SdJnp88M-I,aj_kabrit,,,,
الدحيح - الحاسة السادسة,https://www.youtube.com/watch?v=Gb_p1I_CxXA,aj_kabrit,,,,
الدحيح - المادة المظلمة,https://www.youtube.com/watch?v=08r7d-WjHks,aj_kabrit,,,,
الدحيح - ميسي المتخاذل,https://www.youtube.com/watch?v=kE8Sc_sqauE,aj_kabrit,,,,
الدحيح - عائلة الحاج متولي مرزوق,https://www.youtube.com/watch?v=_F0pNv41qMk,aj_kabrit,,,,
الدحيح - طيران الأستاذ ممتاز,https://www.youtube.com/watch?v=vmmGJTdmgts,aj_kabrit,,,,
الدحيح - تسلا وسبيس إكس,https://www.youtube.com/watch?v=OOu55yn6JQQ,aj_kabrit,,,,
الدحيح - بدايات إيلون ماسك,https://www.youtube.com/watch?v=li-aMKu4rDc,aj_kabrit,,,,
الدحيح - إحياء الموتى,https://www.youtube.com/watch?v=YkgG7b_n9oU,aj_kabrit,,,,
الدحيح - إبراهيم وحسام,https://www.youtube.com/watch?v=nmZcGPIrojI,aj_kabrit,,,,
الدحيح - جيناتي عزة,https://www.youtube.com/watch?v=QeXT7SOTaAM,aj_kabrit,,,,
الدحيح - موت قزح,https://www.youtube.com/watch?v=PsjQKnSbmqg,aj_kabrit,,,,
الدحيح - بريكست,https://www.youtube.com/watch?v=mJVwgFKvADQ,aj_kabrit,,,,
الدحيح - أخطر فركشة في التاريخ,https://www.youtube.com/watch?v=uhAg97NqLuI,aj_kabrit,,,,
الدحيح - في بيتنا أسد,https://www.youtube.com/watch?v=RmXitCZ7eho,aj_kabrit,,,,
الدحيح - هو الكون إيه؟,https://www.youtube.com/watch?v=16qSo2DuHDI,aj_kabrit,,,,
الدحيح - محاكمة الطب الجنائي,https://www.youtube.com/watch?v=2K_gWxST1Vg,aj_kabrit,,,,
الدحيح - عليك واحد,https://www.youtube.com/watch?v=j-NIePo6XF4,aj_kabrit,,,,
الدحيح - ليه بنموت؟,https://www.youtube.com/watch?v=UIz-y4COX_I,aj_kabrit,,,,
الدحيح - أرقام كاذبة,https://www.youtube.com/watch?v=QERwdX4kt3E,aj_kabrit,,,,
الدحيح - هشاشة السلامة,https://www.youtube.com/watch?v=BdZo4ixQKO4,aj_kabrit,,,,
الدحيح - الزم حدودك,https://www.youtube.com/watch?v=_38iAr7mDso,aj_kabrit,,,,
الدحيح - الطب النفسي,https://www.youtube.com/watch?v=ftbgcarkxS0,aj_kabrit,,,,
الدحيح - الباندا,https://www.youtube.com/watch?v=xwdn-GEa268,aj_kabrit,,,,
الدحيح - العلاج المناعي,https://www.youtube.com/watch?v=6VZC_eCwys8,aj_kabrit,,,,
الدحيح - الانقراض,https://www.youtube.com/watch?v=4XVxKeRj3EM,aj_kabrit,,,,
الدحيح - قصة القصة,https://www.youtube.com/watch?v=hHiCfg6csNA,aj_kabrit,,,,
الدحيح - شنب وفستان,https://www.youtube.com/watch?v=yQ2b6srpnPI,aj_kabrit,,,,
الدحيح - البيولوجيا الكمية,https://www.youtube.com/watch?v=9n-Ne3in2rg,aj_kabrit,,,,
الدحيح - روسيا,https://www.youtube.com/watch?v=NbxoNMmifR4,aj_kabrit,,,,
الدحيح - فضيلة الأنانية,https://www.youtube.com/watch?v=IXn-AR8GLfk,aj_kabrit,,,,
الدحيح - هل الحيوانات تحلم؟,https://www.youtube.com/watch?v=T7kFMRhz0Tw,aj_kabrit,,,,
الدحيح - على جنب يا اسطى,https://www.youtube.com/watch?v=cm3fDQ4YFDw,aj_kabrit,,,,
الدحيح - الحرب العالمية الثانية,https://www.youtube.com/watch?v=dEiS_WpFuc0,aj_kabrit,,,,
الدحيح - هتلر 2,https://www.youtube.com/watch?v=GnpwWk_75vc,aj_kabrit,,,,
الدحيح - حيوانات حساسة,https://www.youtube.com/watch?v=F6MvE6LobFM,aj_kabrit,,,,
الدحيح - الظاهرة كريم بنزيمة,https://www.youtube.com/watch?v=wR9-qhoRfwE,aj_kabrit,,,,
الدحيح - حساسية المياه,https://www.youtube.com/watch?v=5dQb3-c_bPo,aj_kabrit,,,,
الدحيح - النرجسية,https://www.youtube.com/watch?v=iLyKbfr89Mc,aj_kabrit,,,,
الدحيح - الصدفة,https://www.youtube.com/watch?v=5IfivfvpgWw,aj_kabrit,,,,
الدحيح - الكائن الطباخ,https://www.youtube.com/watch?v=WWxMV2rR5fE,aj_kabrit,,,,
الدحيح - نظارات شمس,https://www.youtube.com/watch?v=0wmALpeGjnM,aj_kabrit,,,,
الدحيح - سوبر هيروز,https://www.youtube.com/watch?v=_IsVy72DE58,aj_kabrit,,,,
الدحيح - خرافة التقدم والتأخر,https://www.youtube.com/watch?v=c4rEhRpsbYk,aj_kabrit,,,,
الدحيح - حتموت من الضحك,https://www.youtube.com/watch?v=qFIO6jXHdyU,aj_kabrit,,,,
الدحيح - تجربة ماري,https://www.youtube.com/watch?v=9lewKY1q79k,aj_kabrit,,,,
الدحيح - الحب على النت,https://www.youtube.com/watch?v=ltUQ3zTv2k8,aj_kabrit,,,,
الدحيح - أذكى جيناتك,https://www.youtube.com/watch?v=rkk4jlJlGwM,aj_kabrit,,,,
الدحيح - شغلانات مالهاش لازمة,https://www.youtube.com/watch?v=DtNWs9N16c8,aj_kabrit,,,,
الدحيح - التعويذة الخوارزمية,https://www.youtube.com/watch?v=ZFjfK8piBbQ,aj_kabrit,,,,
الدحيح - إنجاب الأحباب,https://www.youtube.com/watch?v=iyCn7gpeqEI,aj_kabrit,,,,
الدحيح - نقتل نص الكوكب,https://www.youtube.com/watch?v=mo-VkD60ZsA,aj_kabrit,,,,
الدحيح - تيكي تاكا,https://www.youtube.com/watch?v=YbT9vjp8OYk,aj_kabrit,,,,
الدحيح - كيف بدأ الكلب؟,https://www.youtube.com/watch?v=52wamXVvJW4,aj_kabrit,,,,
الدحيح - آه لو لعبت يا زهر,https://www.youtube.com/watch?v=CCu3Nqn0pRc,aj_kabrit,,,,
الدحيح - التنمية الاقتصادية,https://www.youtube.com/watch?v=uHVyKKHXLZQ,aj_kabrit,,,,
الدحيح - تجارة الأفكار,https://www.youtube.com/watch?v=4iBGr1G34OI,aj_kabrit,,,,
الدحيح - جماعة الإخوان الفيثاغورثيين,https://www.youtube.com/watch?v=vpc7v3fDiTk,aj_kabrit,,,,
الدحيح - أغنية بص بصة على المصادر,https://www.youtube.com/watch?v=0jMBuO09h58,aj_kabrit,,,,
الدحيح - يا سلام يا سلام يا سلام يا سلام,https://www.youtube.com/watch?v=DnERaC0ySEY,aj_kabrit,,,,
الدحيح - في مدح الكسل,https://www.youtube.com/watch?v=aKFxh-IeJog,aj_kabrit,,,,
الدحيح - معضلة المساجين,https://www.youtube.com/watch?v=oZxJNBfHAr8,aj_kabrit,,,,
الدحيح - أين ذهب الكرش؟,https://www.youtube.com/watch?v=SdEe4t_HH7w,aj_kabrit,,,,
الدحيح - ستارت أب,https://www.youtube.com/watch?v=xs5eG7C4WKk,aj_kabrit,,,,
الدحيح - المارشملو,https://www.youtube.com/watch?v=4fPI6hUgeJo,aj_kabrit,,,,
الدحيح - الكون,https://www.youtube.com/watch?v=yED_4fUd8Ig,aj_kabrit,,,,
الدحيح - البطالة,https://www.youtube.com/watch?v=m9c-keUEViA,aj_kabrit,,,,
الدحيح - الذاكرة الكاذبة,https://www.youtube.com/watch?v=fHCWNPc027Q,aj_kabrit,,,,
الدحيح - ناس نتنة,https://www.youtube.com/watch?v=WtUc0vnPFiM,aj_kabrit,,,,
الدحيح - لعنة البترول,https://www.youtube.com/watch?v=-h0jB1n2OJo,aj_kabrit,,,,
الدحيح - مفارقة الإنستغرام,https://www.youtube.com/watch?v=Y6UB2N6T9tk,aj_kabrit,,,,
الدحيح - هتلر,https://www.youtube.com/watch?v=14IzHF1zi28,aj_kabrit,,,,
الدحيح - الحروب,https://www.youtube.com/watch?v=oPUkpcmAc-w,aj_kabrit,,,,
الدحيح -  النووي والبكيني,https://www.youtube.com/watch?v=2DGJNwUy_EM,aj_kabrit,,,,
الدحيح - أخلاق الأطفال,https://www.youtube.com/watch?v=XF3BSYxA5eg,aj_kabrit,,,,
الدحيح - لعبة الديكتاتور,https://www.youtube.com/watch?v=wDXXVBJq2ow,aj_kabrit,,,,
الدحيح - سيارات ذاتية القيادة,https://www.youtube.com/watch?v=ol8SkzSZIvM,aj_kabrit,,,,
الدحيح - معضلة القطار,https://www.youtube.com/watch?v=nehA5-iM8-c,aj_kabrit,,,,
الدحيح - أبو نيمار,https://www.youtube.com/watch?v=QCg6YH9bHg0,aj_kabrit,,,,
الدحيح - ميسي والكلب,https://www.youtube.com/watch?v=zvf37X92QSQ,aj_kabrit,,,,
الدحيح - معضلة الحمار,https://www.youtube.com/watch?v=Tdomyk_nMWI,aj_kabrit,,,,
الدحيح - أخلاق الروبوتات,https://www.youtube.com/watch?v=Q8WSUbyLAyM,aj_kabrit,,,,
الدحيح - صوتي لروبوتي,https://www.youtube.com/watch?v=1SZZpfqW81U,aj_kabrit,,,,
الدحيح - احتواء الذكاء,https://www.youtube.com/watch?v=FNmwsHlfZRE,aj_kabrit,,,,
الدحيح - التكديس القهري,https://www.youtube.com/watch?v=qeXPYFM4FI0,aj_kabrit,,,,
الدحيح - بموت من الجوع,https://www.youtube.com/watch?v=k9zkzTvTSIg,aj_kabrit,,,,
الدحيح - لو الشر مرض؟,https://www.youtube.com/watch?v=jbDWe55zpzw,aj_kabrit,,,,
الدحيح - السفَّاح,https://www.youtube.com/watch?v=vCyWNUzf8Ks,aj_kabrit,,,,
الدحيح - مخيَّر أم مخيَّر؟,https://www.youtube.com/watch?v=eosw1CBlN-c,aj_kabrit,,,,
الدحيح - السيطرة على المخ,https://www.youtube.com/watch?v=NEXVNKHKg_s,aj_kabrit,,,,
الدحيح - قراءة الأفكار,https://www.youtube.com/watch?v=_CQ-6EEaVTY,aj_kabrit,,,,
الدحيح - الإنتروبي,https://www.youtube.com/watch?v=SkwUz8U-t4U,aj_kabrit,,,,
الدحيح - الوسطي الجميل,https://www.youtube.com/watch?v=7PTEuJwH-vk,aj_kabrit,,,,
الدحيح - فين الفضائيين؟,https://www.youtube.com/watch?v=Ubz-zr312xU,aj_kabrit,,,,
الدحيح - شاورما الديناصور,https://www.youtube.com/watch?v=_hTKa6e2jec,aj_kabrit,,,,
الدحيح - ليلة سقوط الواقع,https://www.youtube.com/watch?v=tyJ-_cD9l5c,aj_kabrit,,,,
الدحيح - البطاقة الشريرة,https://www.youtube.com/watch?v=cEC8slwGkz0,aj_kabrit,,,,
الدحيح - أنا والكراش وهواك,https://www.youtube.com/watch?v=MjB7lQn8uz8,aj_kabrit,,,,
الدحيح - إله الدولة الملحدة,https://www.youtube.com/watch?v=7fP3r2e_8CM,aj_kabrit,,,,
الدحيح - الدواء والغلاء,https://www.youtube.com/watch?v=FKEF5dXaCA8,aj_kabrit,,,,
الدحيح - وش,https://www.youtube.com/watch?v=-pcBIQjKYO8,aj_kabrit,,,,
الدحيح - الكرش صانع التاريخ,https://www.youtube.com/watch?v=UxrhhUIOKZg,aj_kabrit,,,,
الدحيح - هندسة المصلحة,https://www.youtube.com/watch?v=D7opPETvi_E,aj_kabrit,,,,
الدحيح - زمام الأحلام,https://www.youtube.com/watch?v=uDbVS-OM3G4,aj_kabrit,,,,
الدحيح - الاستغلال حلال؟,https://www.youtube.com/watch?v=NjfnhHMmQ-M,aj_kabrit,,,,
الدحيح - ألوان زمان,https://www.youtube.com/watch?v=009zDn1G6yc,aj_kabrit,,,,
الدحيح - البيت كويْن,https://www.youtube.com/watch?v=4UW_YbA05Kk,aj_kabrit,,,,
الدحيح - ديون وتورتة,https://www.youtube.com/watch?v=VUdN7puocNY,aj_kabrit,,,,
الدحيح - إفلاس الدول,https://www.youtube.com/watch?v=Sla8OQ_vHi4,aj_kabrit,,,,
الدحيح - صفر,https://www.youtube.com/watch?v=YluRO_QiU3E,aj_kabrit,,,,
الدحيح - الولا حاجة,https://www.youtube.com/watch?v=y33sA9X2qk4,aj_kabrit,,,,
الدحيح -  المساس بالاحتباس,https://www.youtube.com/watch?v=fRBS9spqijU,aj_kabrit,,,,
الدحيح - المصفوفة,https://www.youtube.com/watch?v=LL8NtfK9TiI,aj_kabrit,,,,
الدحيح - أسماء للبيع,https://www.youtube.com/watch?v=LapWA4ZEzfY,aj_kabrit,,,,
الدحيح - متراقبين؟,https://www.youtube.com/watch?v=RqDKA00B7CU,aj_kabrit,,,,
الدحيح - ما ذنب النباتات؟,https://www.youtube.com/watch?v=ld9XNekHrLw,aj_kabrit,,,,
الدحيح - الرأي الآخر,https://www.youtube.com/watch?v=EY6f0cdbOWs,aj_kabrit,,,,
الدحيح - المفروض مرفوض,https://www.youtube.com/watch?v=xnOjL_-vOCE,aj_kabrit,,,,
الدحيح - صعود اليمين,https://www.youtube.com/watch?v=oVUr7G94Iu0,aj_kabrit,,,,
الدحيح - جراثيم و مسدسات,https://www.youtube.com/watch?v=pINMuoyCmFM,aj_kabrit,,,,
الدحيح - عنفوان إنسان,https://www.youtube.com/watch?v=61ml6HSa4i4,aj_kabrit,,,,
الدحيح - قاتل الكلمات وسفاح اللغات,https://www.youtube.com/watch?v=mJNtBQLh2vY,aj_kabrit,,,,
الدحيح - الثقب الأسود,https://www.youtube.com/watch?v=E-qATMR-l7g,aj_kabrit,,,,
الدحيح - صناعة الذكاء,https://www.youtube.com/watch?v=ujf9RNuBdCU,aj_kabrit,,,,
الدحيح - الرجوع إلى الماضي,https://www.youtube.com/watch?v=t2d6XTUj5lA,aj_kabrit,,,,
الدحيح - تحت الهدوم,https://www.youtube.com/watch?v=vJJXs0EtmdY,aj_kabrit,,,,
الدحيح - أبيع نفسي,https://www.youtube.com/watch?v=fywYZgNZASY,aj_kabrit,,,,
الدحيح - سبوع الأسبوع,https://www.youtube.com/watch?v=eWGW-02xDKY,aj_kabrit,,,,
الدحيح - ليه محدش مهتم بينا,https://www.youtube.com/watch?v=Q3OVGeflFqc,aj_kabrit,,,,
الدحيح - البوس,https://www.youtube.com/watch?v=GWC-RCxWlLA,aj_kabrit,,,,
الدحيح - إنت جامد,https://www.youtube.com/watch?v=TG3vHrlgczM,aj_kabrit,,,,
الدحيح - السمع والطاعة,https://www.youtube.com/watch?v=httoGbF_dqQ,aj_kabrit,,,,
الدحيح - نُصك ملحد,https://www.youtube.com/watch?v=Qww9Upno_m8,aj_kabrit,,,,
الدحيح - نهاية الموت؟,https://www.youtube.com/watch?v=6mhkX05J6JI,aj_kabrit,,,,
منابع النيل | الدحيح,https://www.youtube.com/watch?v=nc8oJTETqoI,new_media_life,,,,
جون كينيدي | الدحيح,https://www.youtube.com/watch?v=yc7x5jNhXIQ,new_media_life,,,,
كيف تسيطر على عقول البشر؟ | الدحيح,https://www.youtube.com/watch?v=NJ-JcDcff8o,new_media_life,,,,
كيف تحولت روسيا إلى إمبراطورية؟ | الدحيح,https://www.youtube.com/watch?v=z2NGnjXG5uQ,new_media_life,,,,
مصير الأرض و الشمس و كل شيء | الدحيح,https://www.youtube.com/watch?v=0urc3PabvOs,new_media_life,,,,
الساموراي | الدحيح ,https://www.youtube.com/watch?v=3AwL93uolIA,new_media_life,,,,
هل Citizen Kane أفضل فيلم في التاريخ؟ | الدحيح,https://www.youtube.com/watch?v=ArytJ_HZ-1E,new_media_life,,,,
تاج محل | الدحيح,https://www.youtube.com/watch?v=gv5hDK2YQfA,new_media_life,,,,
الأخطبوط | الدحيح,https://www.youtube.com/watch?v=8rcY34IA-6I,new_media_life,,,,
أعظم طائرة حربية | الدحيح,https://www.youtube.com/watch?v=IxsJEffQAZA,new_media_life,,,,
كيف تنقل جبل وزنه 30 طن قبل أن يغرق؟ | الدحيح,https://www.youtube.com/watch?v=8ZL2AAxQmLQ,new_media_life,,,,
فيزياء و فلسفة الحركة | الدحيح,https://www.youtube.com/watch?v=MOEwXtL2DQ4,new_media_life,,,,
معركة ذي قار | الدحيح,https://www.youtube.com/watch?v=DbuoaakWh7g,new_media_life,,,,
لماذا لا نستطيع قراءة الكتب؟  | الدحيح,https://www.youtube.com/watch?v=Lfs9LrpEUf0,new_media_life,,,,
أين ذهب أهل الأندلس | الدحيح ,https://www.youtube.com/watch?v=Ur-JBlBPt6I,new_media_life,,,,
لماذا يحب الأمريكان إسرائيل؟ | الدحيح,https://www.youtube.com/watch?v=r7Tzq-MtPpM,new_media_life,,,,
أماكن مثالية للقتل | الدحيح,https://www.youtube.com/watch?v=9jxZH7dUtPw,new_media_life,,,,
قصة الإندومي و ما علاقتها بالسرطان؟ | الدحيح,https://www.youtube.com/watch?v=iW2qF4LrNxI,new_media_life,,,,
سيف الله المسلول | الدحيح,https://www.youtube.com/watch?v=2BggFNfXPGg,new_media_life,,,,
الهرمون المظلوم | الدحيح,https://www.youtube.com/watch?v=r_QH0UD144Y,new_media_life,,,,
كيف تصبح قرصان؟ | الدحيح,https://www.youtube.com/watch?v=dEmzsPt47fE,new_media_life,,,,
فن فك الشفرات | الدحيح,https://www.youtube.com/watch?v=Dubq7s-5zLU,new_media_life,,,,
ليلة سقوط بغداد | الدحيح,https://www.youtube.com/watch?v=N7X_466JYUo,new_media_life,,,,
الشباب والجمال | الدحيح,https://www.youtube.com/watch?v=x0sR_Z9euX4,new_media_life,,,,
خمس طرق لانتهاء العالم | الدحيح,https://www.youtube.com/watch?v=C9CXcm7krk8,new_media_life,,,,
استقلال الجزائر | الدحيح,https://www.youtube.com/watch?v=SuNL6JNidTM,new_media_life,,,,
العبودية | الدحيح ,https://www.youtube.com/watch?v=h3mpiTwYKX8,new_media_life,,,,
تاريخ الإعدام | الدحيح,https://www.youtube.com/watch?v=seJ-lxCCR4w,new_media_life,,,,
البورصة | الدحيح,https://www.youtube.com/watch?v=KBCMXaWRRE8,new_media_life,,,,
الأذن الموسيقية | الدحيح,https://www.youtube.com/watch?v=oEL1Hu5A2aM,new_media_life,,,,
أجمل خيانة في تاريخ الأدب | الدحيح,https://www.youtube.com/watch?v=H6Zg2pfOygI,new_media_life,,,,
العمارة التي قاومت النازيين | الدحيح,https://www.youtube.com/watch?v=8NRQFrrizbo,new_media_life,,,,
رحلة التسعة شهور | الدحيح,https://www.youtube.com/watch?v=7hmMdqgkaEs,new_media_life,,,,
فلاديمير بوتين | الدحيح,https://www.youtube.com/watch?v=vZMIvR89A6U,new_media_life,,,,
ما معنى المعاني في اللغة العربية؟ | الدحيح,https://www.youtube.com/watch?v=EmbMuwOK92c,new_media_life,,,,
الولادة | الدحيح,https://www.youtube.com/watch?v=UORKnHvx2uA,new_media_life,,,,
ثالث أعظم فيزيائي | الدحيح,https://www.youtube.com/watch?v=MLgVNKRkhdw,new_media_life,,,,
عدو الزعيم ستالين | الدحيح,https://www.youtube.com/watch?v=tf6zUc7aBLM,new_media_life,,,,
هتلر x ستالين | الدحيح,https://www.youtube.com/watch?v=SpBgkNPysvA,new_media_life,,,,
الذهب | الدحيح,https://www.youtube.com/watch?v=WR6zI307dsI,new_media_life,,,,
دراكولا | الدحيح,https://www.youtube.com/watch?v=rczNtWiyqYY,new_media_life,,,,
فلاديمير لينين | الدحيح,https://www.youtube.com/watch?v=uIcUFR7TTvo,new_media_life,,,,
  لوحة شادي عبدالسلام السينمائية | الدحيح,https://www.youtube.com/watch?v=lcmaV4l7VV8,new_media_life,,,,
الغراب | الدحيح,https://www.youtube.com/watch?v=GQ27JCOfga4,new_media_life,,,,
تيد كازينسكي | الدحيح,https://www.youtube.com/watch?v=VP-Uh7RGLtQ,new_media_life,,,,
التنس | الدحيح,https://www.youtube.com/watch?v=B02tez0hDfk,new_media_life,,,,
كيف تصنع قيمة من لا شيء؟ | الدحيح,https://www.youtube.com/watch?v=2RmyXQk5kjg,new_media_life,,,,
المراهقة | الدحيح,https://www.youtube.com/watch?v=NZYR5xZPcaU,new_media_life,,,,
كيف جاء نابليون؟ | الدحيح,https://www.youtube.com/watch?v=hceXwZOplzI,new_media_life,,,,
الثورة الفرنسية ١ | الدحيح,https://www.youtube.com/watch?v=DL0pWnWurdM,new_media_life,,,,
المسلسل الأنجح في التاريخ | الدحيح,https://www.youtube.com/watch?v=eJFe0dzLH5s,new_media_life,,,,
الخبز | الدحيح,https://www.youtube.com/watch?v=J9k0g78CCow,new_media_life,,,,
العمارة الوحشية | الدحيح,https://www.youtube.com/watch?v=Ftijk1Gbn80,new_media_life,,,,
فن القتل بالكلمات | الدحيح,https://www.youtube.com/watch?v=p-OXIH5JG68,new_media_life,,,,
مارادونا | الدحيح,https://www.youtube.com/watch?v=RiNp0upos30,new_media_life,,,,
ثلاث شركات تحكم العالم | الدحيح,https://www.youtube.com/watch?v=xfAIPyl8TSk,new_media_life,,,,
إحذر البوينج 737ماكس | الدحيح,https://www.youtube.com/watch?v=D6yGCX2zV-U,new_media_life,,,,
أنا لا أتجمل ولكني أكذب | الدحيح,https://www.youtube.com/watch?v=vn-Wvosb5UI,new_media_life,,,,
أصغر دولة في العالم | الدحيح,https://www.youtube.com/watch?v=aVCeuoRp95E,new_media_life,,,,
ماذا يتعلم المهندس من الحيوان؟ | الدحيح,https://www.youtube.com/watch?v=xe9jK511gTc,new_media_life,,,,
الإجرام والفن و القداسة | الدحيح,https://www.youtube.com/watch?v=p0e7ICI_8ZY,new_media_life,,,,
لغة الجسد | الدحيح,https://www.youtube.com/watch?v=WLxWvkR_ecQ,new_media_life,,,,
فن صناعة الكتاب عند العرب | الدحيح,https://www.youtube.com/watch?v=tJRjOwK1u0s,new_media_life,,,,
إقليم كتالونيا | الدحيح,https://www.youtube.com/watch?v=tRLr1LVKQOA,new_media_life,,,,
بحبك يا .... | الدحيح,https://www.youtube.com/watch?v=hCM4b476p08,new_media_life,,,,
المراجعة النهائية للدوائر الكهريبة | الدحيح,https://www.youtube.com/watch?v=_y_ptIWYBh4,new_media_life,,,,
تأملات في صوت جارة القمر | الدحيح,https://www.youtube.com/watch?v=m5MSWv9nJfM,new_media_life,,,,
المراهنات | الدحيح,https://www.youtube.com/watch?v=dUzWEha-plE,new_media_life,,,,
لماذا نحن هنا؟ | الدحيح,https://www.youtube.com/watch?v=GVdMd9yJq8Q,new_media_life,,,,
ألف  سنة من الإنهيار | الدحيح,https://www.youtube.com/watch?v=HG3xQjwenTc,new_media_life,,,,
من الشام إلى الأندلس | الدحيح,https://www.youtube.com/watch?v=ndDSORY8mrU,new_media_life,,,,
القصص الحقيقية وراء صراع العروش | الدحيح,https://www.youtube.com/watch?v=YpPFr3VOSwM,new_media_life,,,,
محاكمة سقراط | الدحيح,https://www.youtube.com/watch?v=th0VZq9lNhU,new_media_life,,,,
منتخب مصر لكرة اليد | الدحيح,https://www.youtube.com/watch?v=iOKV2FCL1Gs,new_media_life,,,,
BYD | الدحيح,https://www.youtube.com/watch?v=RAUCfqFzTAQ,new_media_life,,,,
الرجل الذي منع الملوخية | الدحيح,https://www.youtube.com/watch?v=yl8Ib03nF24,new_media_life,,,,
قصة اكتشاف الحمض النووي | الدحيح,https://www.youtube.com/watch?v=v0FAN5ieUPc,new_media_life,,,,
احذر الأمير النيجيري | الدحيح,https://www.youtube.com/watch?v=veAJjzwVkW4,new_media_life,,,,
الملحمة الشعرية | الدحيح,https://www.youtube.com/watch?v=IjlfXxtweYo,new_media_life,,,,
هندسة الفشل | الدحيح,https://www.youtube.com/watch?v=jmhGEiII-DY,new_media_life,,,,
أشهر بنطلون في العالم | الدحيح,https://www.youtube.com/watch?v=9OtuZtCkKGU,new_media_life,,,,
انفيديا | الدحيح,https://www.youtube.com/watch?v=b6Fl15dIGgg,new_media_life,,,,
من هو سام ألتمان؟ | الدحيح,https://www.youtube.com/watch?v=IZIGyBBk8D8,new_media_life,,,,
الوقود | الدحيح,https://www.youtube.com/watch?v=gaDGCjJntSg,new_media_life,,,,
أكبر مجاعة في مصر | الدحيح,https://www.youtube.com/watch?v=UWGSCvAN6fg,new_media_life,,,,
UFC | الدحيح,https://www.youtube.com/watch?v=YsAvaMhuQcM,new_media_life,,,,
أشهر قصة رعب في العالم | الدحيح,https://www.youtube.com/watch?v=GYMwr0-OKyI,new_media_life,,,,
ازاي تبقى باتمان؟ | الدحيح,https://www.youtube.com/watch?v=CCiWWTHz-ZY,new_media_life,,,,
مدائن صالح | الدحيح,https://www.youtube.com/watch?v=Ypgg-niXS_w,new_media_life,,,,
هاري بوتر | الدحيح,https://www.youtube.com/watch?v=3Ov9I8-C6j0,new_media_life,,,,
هل فعلًا الدم عمره ما يبقى مياه؟ | الدحيح,https://www.youtube.com/watch?v=qtxquLkeNak,new_media_life,,,,
الصعاليك | الدحيح,https://www.youtube.com/watch?v=WQj_OUBaMg0,new_media_life,,,,
أزمة منتصف العمر | الدحيح,https://www.youtube.com/watch?v=rUUoZBy8BAM,new_media_life,,,,
من يحكم الفضاء؟  | الدحيح,https://www.youtube.com/watch?v=Rjw1319nwrQ,new_media_life,,,,
للصغار فقط - 18 | الدحيح,https://www.youtube.com/watch?v=kObjsgCUaZk,new_media_life,,,,
45 ثانية من الرعب | الدحيح,https://www.youtube.com/watch?v=9V27W-Jx7i4,new_media_life,,,,
سفاح الفلانتين | الدحيح,https://www.youtube.com/watch?v=xfdf7dBfNdg,new_media_life,,,,
حلقة طويلة عن لاعب قصير | الدحيح,https://www.youtube.com/watch?v=FiVuG3hu53c,new_media_life,,,,
معادلة ستغير نظرتك لكل شيء | الدحيح,https://www.youtube.com/watch?v=HdEzeiSR5eU,new_media_life,,,,
كيف تصنع المعجزة | الدحيح,https://www.youtube.com/watch?v=omeRuTBszFI,new_media_life,,,,
الفشل في أن تصبح فقيرًا | الدحيح,https://www.youtube.com/watch?v=f1Kb5r-UIYQ,new_media_life,,,,
سمكة مهمة لا يعلم عنها أحد | الدحيح,https://www.youtube.com/watch?v=cmJiRqdyxN4,new_media_life,,,,
الفشل الكلوي | الدحيح,https://www.youtube.com/watch?v=5gNVZ7uEtGE,new_media_life,,,,
مكان انطلاق الحرب العالمية التالتة | الدحيح,https://www.youtube.com/watch?v=oXs2b6V89LI,new_media_life,,,,
جراح القلب | الدحيح,https://www.youtube.com/watch?v=9ZTCUyhoknU,new_media_life,,,,
مسجد داخل كنيسة داخل معبد | الدحيح,https://www.youtube.com/watch?v=WbDh1Ot7Dhg,new_media_life,,,,
برج إيفل | الدحيح,https://www.youtube.com/watch?v=sQlFqQY6-eo,new_media_life,,,,
من أمير إلى فقير | الدحيح,https://www.youtube.com/watch?v=KAjNiQmtams,new_media_life,,,,
من سكير إلى أمير | الدحيح,https://www.youtube.com/watch?v=73P33vjUIkg,new_media_life,,,,
ADHD | الدحيح,https://www.youtube.com/watch?v=8G9KkBdgYY8,new_media_life,,,,
قواعد قتل البشر | الدحيح,https://www.youtube.com/watch?v=WyoscGICLzY,new_media_life,,,,
لماذا لا نتحدث نفس العربية؟ | الدحيح,https://www.youtube.com/watch?v=O5L9dEFQuYs,new_media_life,,,,
اقوى من البشر، أضعف من السكر | الدحيح,https://www.youtube.com/watch?v=zE6NqNW-Dk8,new_media_life,,,,
التربية الإيجابية | الدحيح,https://www.youtube.com/watch?v=1ZlMrt5Vpvw,new_media_life,,,,
الجيم | الدحيح,https://www.youtube.com/watch?v=ntZq0wIo2ds,new_media_life,,,,
رحلة ملهمة غير مشروعة | الدحيح,https://www.youtube.com/watch?v=13nQ7445lcQ,new_media_life,,,,
أعلى قمة في العالم | الدحيح,https://www.youtube.com/watch?v=2SBCTcsafCE,new_media_life,,,,
الملاكمة 101 | الدحيح,https://www.youtube.com/watch?v=E2OHHHrtA0Q,new_media_life,,,,
المنظمة السرية التي تحكم الأرض المسطحة خلف الجدار الجليدي | الدحيح,https://www.youtube.com/watch?v=dVVhGRxCKQ4,new_media_life,,,,
هل إله الشر هو الشيطان؟  | الدحيح,https://www.youtube.com/watch?v=JUUuzUL0S28,new_media_life,,,,
إيلون ماسك 2 | الدحيح,https://www.youtube.com/watch?v=fy8T9OwVt0Y,new_media_life,,,,
إيلون ماسك 1 | الدحيح,https://www.youtube.com/watch?v=GYkpqo0AYrg,new_media_life,,,,
الفطر الساحر | الدحيح,https://www.youtube.com/watch?v=CLr_v2v3tOY,new_media_life,,,,
بحر الظلمات  | الدحيح,https://www.youtube.com/watch?v=PfU4cG3WZF8,new_media_life,,,,
المسكنات | الدحيح,https://www.youtube.com/watch?v=-g4vvXmE0YI,new_media_life,,,,
دونالد ترامب | الدحيح,https://www.youtube.com/watch?v=uA-h1CmScHQ,new_media_life,,,,
الأمراض اليتيمة | الدحيح,https://www.youtube.com/watch?v=0ZoRPnYRQaM,new_media_life,,,,
أنجيلا ميركل | الدحيح,https://www.youtube.com/watch?v=a5MXippLahM,new_media_life,,,,
التسلل | الدحيح,https://www.youtube.com/watch?v=wooNi1lr-7g,new_media_life,,,,
إمبراطورية الموز | الدحيح,https://www.youtube.com/watch?v=4as4CS1x2w0,new_media_life,,,,
الوسواس القهري | الدحيح,https://www.youtube.com/watch?v=hsVCF5qehIw,new_media_life,,,,
الأطفال المبتسرين | الدحيح,https://www.youtube.com/watch?v=UFGA-outZ0o,new_media_life,,,,
أم كلثوم في باريس | الدحيح,https://www.youtube.com/watch?v=lLBCM_VJIdI,new_media_life,,,,
أغبى شخص في الغرفة | الدحيح,https://www.youtube.com/watch?v=z9OmIeudbY8,new_media_life,,,,
الطريق إلى العدوى | الدحيح,https://www.youtube.com/watch?v=eCg6Ybtl2sA,new_media_life,,,,
عدو الكوكب | الدحيح,https://www.youtube.com/watch?v=81IXLTQHy6I,new_media_life,,,,
بروس لي | الدحيح,https://www.youtube.com/watch?v=ttGWcwBoGks,new_media_life,,,,
وشتى في هذا المكان وذبح ذبيح، يا الله أُقدّم لك السّلام | الدحيح,https://www.youtube.com/watch?v=5SprLhOUpp4,new_media_life,,,,
الحرب الأهلية الأمريكية ٢ | الدحيح,https://www.youtube.com/watch?v=sqZqANdRKrk,new_media_life,,,,
الحرب الأهلية الأمريكية ١ | الدحيح,https://www.youtube.com/watch?v=m4FV-c101B4,new_media_life,,,,
البرص | الدحيح,https://www.youtube.com/watch?v=kFnrcVkpDPk,new_media_life,,,,
الثقافة الكورية | الدحيح,https://www.youtube.com/watch?v=1VbDzaIVuJI,new_media_life,,,,
01110011 01110100 01110101 01110000 01101001 01100100 | الدحيح,https://www.youtube.com/watch?v=Vq04T0Cwj5Y,new_media_life,,,,
طريقك لأفضل جنسية | الدحيح,https://www.youtube.com/watch?v=ks7yL0Vl-P8,new_media_life,,,,
الزواج السعيد.. علميًا | الدحيح,https://www.youtube.com/watch?v=1_oBBYS3rRs,new_media_life,,,,
الخياطة | الدحيح,https://www.youtube.com/watch?v=U_cHdU1xv3k,new_media_life,,,,
حيوان ضخمُ الحجم لديه سنام فوق ظهره وملقَّب بسفينة الصحراء.. فمَن هو | الدحيح,https://www.youtube.com/watch?v=yyTnuv1gxfc,new_media_life,,,,
أيرلندا | الدحيح,https://www.youtube.com/watch?v=nq0EOeSyRBs,new_media_life,,,,
الشركة العالمية للأبطال الخارقين | الدحيح,https://www.youtube.com/watch?v=k1t55VUefPI,new_media_life,,,,
العشاء الأخير | الدحيح,https://www.youtube.com/watch?v=U62Jkd529LI,new_media_life,,,,
الملح | الدحيح,https://www.youtube.com/watch?v=W8syF8UF_Bg,new_media_life,,,,
مافيا | الدحيح,https://www.youtube.com/watch?v=wCRw3hgIZv4,new_media_life,,,,
كوكب القرود | الدحيح,https://www.youtube.com/watch?v=72sfOuuRX94,new_media_life,,,,
تويوتا | الدحيح,https://www.youtube.com/watch?v=L-fOHHnVBtY,new_media_life,,,,
الماسونية | الدحيح,https://www.youtube.com/watch?v=-fyJk0JBG4k,new_media_life,,,,
الإنتخابات الأمريكية | الدحيح,https://www.youtube.com/watch?v=PhnCwZKiHpE,new_media_life,,,,
كلوب 2 | الدحيح,https://www.youtube.com/watch?v=1bkakLwbPJ0,new_media_life,,,,
كلوب | الدحيح,https://www.youtube.com/watch?v=W-ZRzXcw2QM,new_media_life,,,,
السفينة التي لا تغرق | الدحيح,https://www.youtube.com/watch?v=wE6NNKcnaPA,new_media_life,,,,
روميل ثعلب الصحراء | الدحيح,https://www.youtube.com/watch?v=BO7mALtbs_k,new_media_life,,,,
لصوص لكن شرفاء | الدحيح,https://www.youtube.com/watch?v=opQIQ5Xhkb4,new_media_life,,,,
تسلا 2 | الدحيح,https://www.youtube.com/watch?v=25o4-Tl-B58,new_media_life,,,,
العبقري الذي أضاء العالم | الدحيح,https://www.youtube.com/watch?v=4i7c8g5lA5U,new_media_life,,,,
كيف تخفي طائرة إلى الأبد ؟ | الدحيح,https://www.youtube.com/watch?v=nvhh95cyRDw,new_media_life,,,,
كيف تبني العالم ؟ | الدحيح,https://www.youtube.com/watch?v=TQDBlhcl3cI,new_media_life,,,,
أشهر ملاهي في كوكب الارض | الدحيح,https://www.youtube.com/watch?v=idevGAEPgyg,new_media_life,,,,
أعداد لا وجود لها | الدحيح,https://www.youtube.com/watch?v=KHOAFoxaZaQ,new_media_life,,,,
التوحُّد | الدحيح,https://www.youtube.com/watch?v=NEy6Oj8dmCc,new_media_life,,,,
ثاني أشهر عالِم في العالَم | الدحيح,https://www.youtube.com/watch?v=zGQ3zRDylJo,new_media_life,,,,
أهم قاعدة في الاستثمار  | الدحيح,https://www.youtube.com/watch?v=s0t_4MSQEYQ,new_media_life,,,,
الدحيح قادم يوم 18 مايو | الدحيح,https://www.youtube.com/watch?v=L7fTSxeKwNU,new_media_life,,,,
الرئيس الأمريكي | الدحيح,https://www.youtube.com/watch?v=RiMga7zpVfI,new_media_life,,,,
ماركو بولو | الدحيح,https://www.youtube.com/watch?v=Li9bNk1enQw,new_media_life,,,,
غزو الهند | الدحيح,https://www.youtube.com/watch?v=Fi5grDvWgew,new_media_life,,,,
غدر الصحاب | الدحيح,https://www.youtube.com/watch?v=I8ig8by6NOI,new_media_life,,,,
الربع الخالي | الدحيح,https://www.youtube.com/watch?v=BD7IRNnQSDg,new_media_life,,,,
غاز سام نتنفسه يوميًا | الدحيح,https://www.youtube.com/watch?v=sIl0OLZVhv4,new_media_life,,,,
ساعة الأثرياء | الدحيح,https://www.youtube.com/watch?v=rhho9QbxfGM,new_media_life,,,,
تاريخ التشريح | الدحيح,https://www.youtube.com/watch?v=RcBR7YDFkaA,new_media_life,,,,
النسيان | الدحيح,https://www.youtube.com/watch?v=HtgT8Zmf35c,new_media_life,,,,
بيتهوفن | الدحيح,https://www.youtube.com/watch?v=xsah0W5f2DY,new_media_life,,,,
كيف يمكن أن تقنع الناس بفوائد التدخين والحرب؟ | الدحيح,https://www.youtube.com/watch?v=mn-br82ENxc,new_media_life,,,,
ألف ليلة وليلة | الدحيح,https://www.youtube.com/watch?v=y2exxaq0_YI,new_media_life,,,,
أول حوت في العالم | الدحيح,https://www.youtube.com/watch?v=92rP7KbuovQ,new_media_life,,,,
تشيرنوبل الأمريكية | الدحيح,https://www.youtube.com/watch?v=Epa9CFnSqso,new_media_life,,,,
كيف تتعلم اللغة الصينية في ٤٠ سنة؟ | الدحيح,https://www.youtube.com/watch?v=-2is0rI_tow,new_media_life,,,,
كيف لكائن انتصرنا عليه أن ينتصر علينا | الدحيح,https://www.youtube.com/watch?v=AveQVd2ubZI,new_media_life,,,,
نابليون في القاهرة | الدحيح,https://www.youtube.com/watch?v=Y2rFelckA48,new_media_life,,,,
الميتافيرس | الدحيح,https://www.youtube.com/watch?v=QYTj9X39KJc,new_media_life,,,,
الكساد العظيم  | الدحيح,https://www.youtube.com/watch?v=lH7vAzmmB-M,new_media_life,,,,
نحو نحوٍ افضل | الدحيح,https://www.youtube.com/watch?v=xWmIsG72d24,new_media_life,,,,
توحيد ألمانيا | الدحيح,https://www.youtube.com/watch?v=wsO1Fxxzarc,new_media_life,,,,
مايحدث في المشرحة | الدحيح,https://www.youtube.com/watch?v=jDs55BiCSBk,new_media_life,,,,
كارت أحمر | الدحيح,https://www.youtube.com/watch?v=z5d-xsBYAFo,new_media_life,,,,
الجزائري الذي أبكى فرنسا | الدحيح,https://www.youtube.com/watch?v=_Eduwcfv2_I,new_media_life,,,,
يوم في حياة رائـد فضاء | الدحيح,https://www.youtube.com/watch?v=0MPLzRDCFAg,new_media_life,,,,
ما يميت يفيد | الدحيح,https://www.youtube.com/watch?v=D0ha_xUqI24,new_media_life,,,,
مايك تايسون | الدحيح,https://www.youtube.com/watch?v=tMOfWn_J58E,new_media_life,,,,
الذئب | الدحيح,https://www.youtube.com/watch?v=Z8het4evBqA,new_media_life,,,,
لماذا أكره الطبيعة | الدحيح,https://www.youtube.com/watch?v=CFeW61i_MLA,new_media_life,,,,
حرب النباتات | الدحيح,https://www.youtube.com/watch?v=3gyeOcpdc6g,new_media_life,,,,
الجريمة التي لايعلم عنها أحد | الدحيح,https://www.youtube.com/watch?v=q8odl57WQYE,new_media_life,,,,
الأعاصير | الدحيح,https://www.youtube.com/watch?v=qMqPJIozZvc,new_media_life,,,,
أغرب قصة صعود في التاريخ | الدحيح,https://www.youtube.com/watch?v=O7uNdw1E1pU,new_media_life,,,,
اللبن | الدحيح,https://www.youtube.com/watch?v=cRmbuJRPb9M,new_media_life,,,,
البوذا | الدحيح,https://www.youtube.com/watch?v=QKrxZuKQ8J0,new_media_life,,,,
هل يمكن أن تصل درجة الحرارة في الرياض وبغداد إلى 60C؟ | الدحيح,https://www.youtube.com/watch?v=4EiVHlsQNF4,new_media_life,,,,
النمر | الدحيح,https://www.youtube.com/watch?v=dPlQOrUnl24,new_media_life,,,,
الحرب على أهم صناعة في العالم | الدحيح,https://www.youtube.com/watch?v=THYvJgllb-o,new_media_life,,,,
المجازات | الدحيح,https://www.youtube.com/watch?v=ikLp-QwVAhc,new_media_life,,,,
تاني يوم بعد القنبلة | الدحيح,https://www.youtube.com/watch?v=b69HOs2U4lo,new_media_life,,,,
الفول | الدحيح,https://www.youtube.com/watch?v=UxvCYEdmJH0,new_media_life,,,,
الخلود | الدحيح,https://www.youtube.com/watch?v=8oPfjx6H-pM,new_media_life,,,,
البطاطس | الدحيح,https://www.youtube.com/watch?v=WW0raF3wuZU,new_media_life,,,,
عندما ذهب عبقري الشطرنج بوبي فيشر إلى الحرب | الدحيح,https://www.youtube.com/watch?v=BlyIHrIJoT0,new_media_life,,,,
فلسطين.. حكاية الأرض | الدحيح |,https://www.youtube.com/watch?v=f0oy-NicIgE,new_media_life,,,,
نهاية المماليك | الدحيح,https://www.youtube.com/watch?v=-DVXdsZbcf8,new_media_life,,,,
المماليك | الدحيح,https://www.youtube.com/watch?v=YXcg79ZcQc4,new_media_life,,,,
غزو الكائنات | الدحيح,https://www.youtube.com/watch?v=RLL_QRAONSw,new_media_life,,,,
😂 | الدحيح,https://www.youtube.com/watch?v=YojIlSjdjto,new_media_life,,,,
شبح الأمومة | الدحيح,https://www.youtube.com/watch?v=pWKshuxAIBM,new_media_life,,,,
كريستيانو رونالدو - الجزء التاني | الدحيح,https://www.youtube.com/watch?v=4gZFVrePKSU,new_media_life,,,,
كريستيانو رونالدو - الجزء الأول | الدحيح,https://www.youtube.com/watch?v=r8aaonxBWVM,new_media_life,,,,
ماذا قال الدحيح عن مقاييس الجمال و الأتيكيت؟ | الدحيح,https://www.youtube.com/watch?v=qefyhN-jk18,new_media_life,,,,
ماذا قال الدحيح عن شخصيات وأحداث من التاريخ؟ | الدحيح,https://www.youtube.com/watch?v=rLR_EsEUmuY,new_media_life,,,,
ماذا قال الدحيح عن أصعب المواقف؟ | الدحيح,https://www.youtube.com/watch?v=sAatZIG8ZIo,new_media_life,,,,
ماذا قال الدحيح عن الحيوانات وتوم وجيري؟ | الدحيح,https://www.youtube.com/watch?v=pCCLPOVOj9c,new_media_life,,,,
ماذا قال الدحيح عن برامجنا المفضلة؟ | الدحيح,https://www.youtube.com/watch?v=hUN2AJU-Ty4,new_media_life,,,,
ماذا قال الدحيح عن الرعب والزلازل ونهاية العالم؟ | الدحيح,https://www.youtube.com/watch?v=zTXXTgdz4Sk,new_media_life,,,,
ماذا قال الدحيح عن الأب والأم والعلاقات عن بعد؟ | الدحيح,https://www.youtube.com/watch?v=UXbGqkCE7Qw,new_media_life,,,,
ماذا قال الدحيح عن الحساسية والموت والمقابر؟ | الدحيح,https://www.youtube.com/watch?v=upJF5V4AD1Y,new_media_life,,,,
ماذا قال الدحيح عن الشغف والتشاؤم والخوف؟ | الدحيح,https://www.youtube.com/watch?v=4e5TsgnU2u8,new_media_life,,,,
ماذا قال الدحيح عن الطبخ والأكل والدايت؟,https://www.youtube.com/watch?v=6_7FrIGFDeM,new_media_life,,,,
الحساسية | الدحيح,https://www.youtube.com/watch?v=efigiluZEHA,new_media_life,,,,
الهاكر | الدحيح,https://www.youtube.com/watch?v=BAx0LI6NnNg,new_media_life,,,,
فوبيا | الدحيح,https://www.youtube.com/watch?v=51MSQkHRwDg,new_media_life,,,,
رجل ساذج في الرايخ الثالث | الدحيح,https://www.youtube.com/watch?v=vUaLZYAiolw,new_media_life,,,,
الأندرتيكر | الدحيح,https://www.youtube.com/watch?v=G28SocqOwOE,new_media_life,,,,
التأمين | الدحيح,https://www.youtube.com/watch?v=u4UTjxo54_A,new_media_life,,,,
جيل زد | الدحيح,https://www.youtube.com/watch?v=tXZB5AJmrvM,new_media_life,,,,
تاريخ الجنون | الدحيح,https://www.youtube.com/watch?v=NlHwOzwbYpE,new_media_life,,,,
آخر يوم في العالم | الدحيح,https://www.youtube.com/watch?v=YPOiNF0riyA,new_media_life,,,,
الصين | الدحيح | China,https://www.youtube.com/watch?v=FHrpR_GrKp0,new_media_life,,,,
البطارية | الدحيح,https://www.youtube.com/watch?v=wgD_XDbapjs,new_media_life,,,,
الليجو | الدحيح | LEGO,https://www.youtube.com/watch?v=jMEEA8Kbf24,new_media_life,,,,
الفيل الأزرق | الدحيح,https://www.youtube.com/watch?v=WlO-riE-Nm8,new_media_life,,,,
تاريخ جهنم | الدحيح,https://www.youtube.com/watch?v=19cSn7JRmO8,new_media_life,,,,
نهاية الديناصورات | الدحيح,https://www.youtube.com/watch?v=Q4L00UAt5JY,new_media_life,,,,
الأب | الدحيح,https://www.youtube.com/watch?v=MSTHbT8ZuCs,new_media_life,,,,
فان جوخ | الدحيح,https://www.youtube.com/watch?v=6nCL4bHjZvg,new_media_life,,,,
التطعيم | الدحيح,https://www.youtube.com/watch?v=9_Or_MzGxVw,new_media_life,,,,
خطر الكلب | الدحيح,https://www.youtube.com/watch?v=KNH8K3O3TCo,new_media_life,,,,
الغازات | الدحيح,https://www.youtube.com/watch?v=yw4Wb9baNKE,new_media_life,,,,
ليه بنتخن في رمضان؟ | الدحيح,https://www.youtube.com/watch?v=kHYe-nAQT_M,new_media_life,,,,
توم وجيري | الدحيح,https://www.youtube.com/watch?v=7vfsv6Vm7AA,new_media_life,,,,
الزلزال | الدحيح,https://www.youtube.com/watch?v=YiKVJkKFpsQ,new_media_life,,,,
لماذا يرتكب الأذكياء حماقات؟ | الدحيح,https://www.youtube.com/watch?v=4lEDoOcgjPQ,new_media_life,,,,
التوابل | الدحيح,https://www.youtube.com/watch?v=BHoFn3rHPx8,new_media_life,,,,
الكيتو | الدحيح,https://www.youtube.com/watch?v=fWrOwlvPWVQ,new_media_life,,,,
أميتاب باتشان | الدحيح,https://www.youtube.com/watch?v=01t8wL-jSUc,new_media_life,,,,
المقالب | الدحيح,https://www.youtube.com/watch?v=CFTccBzBGQw,new_media_life,,,,
مانشستر يونايتد | الدحيح,https://www.youtube.com/watch?v=O8K3XEb62NQ,new_media_life,,,,
الإندماج النووي | الدحيح,https://www.youtube.com/watch?v=tOhUP9LibJc,new_media_life,,,,
علاقات عن بعد | الدحيح,https://www.youtube.com/watch?v=2AgpnT-bN-M,new_media_life,,,,
أخطر رجل مافيا | الدحيح,https://www.youtube.com/watch?v=wa1QODdYVog,new_media_life,,,,
أحمد عدوية | الدحيح,https://www.youtube.com/watch?v=26sk88apodA,new_media_life,,,,
متى يصبح الحي ميت؟ | الدحيح,https://www.youtube.com/watch?v=F9DhFq58Kug,new_media_life,,,,
شاورما الفراخ | الدحيح,https://www.youtube.com/watch?v=Xkb7Xdos1dM,new_media_life,,,,
كيف تتخلص من الجثة | الدحيح,https://www.youtube.com/watch?v=arhrkprz0WQ,new_media_life,,,,
إنترفيو | الدحيح,https://www.youtube.com/watch?v=YnTEXW7RaYY,new_media_life,,,,
فن التشاؤم | الدحيح,https://www.youtube.com/watch?v=subByvOYARA,new_media_life,,,,
الخنزير | الدحيح,https://www.youtube.com/watch?v=jkhwp2bFaR8,new_media_life,,,,
فورمولا ١ | الدحيح,https://www.youtube.com/watch?v=9h3Ejj3vqHs,new_media_life,,,,
Chat GPT | الدحيح,https://www.youtube.com/watch?v=j02OZRjf2d8,new_media_life,,,,
الموناليزا وحشة | الدحيح,https://www.youtube.com/watch?v=CByhaGnB9Co,new_media_life,,,,
يوم قيامة النجم | الدحيح,https://www.youtube.com/watch?v=9RYlcU2sXTc,new_media_life,,,,
البحث عن السعادة | الدحيح,https://www.youtube.com/watch?v=XKnkiSJGjTk,new_media_life,,,,
المغول | الدحيح,https://www.youtube.com/watch?v=zfBve7gvF2Y,new_media_life,,,,
كيف تخدع الناس؟ | الدحيح,https://www.youtube.com/watch?v=W9ufeRcNJ-M,new_media_life,,,,
هانيبال | الدحيح,https://www.youtube.com/watch?v=L-AkMLZCiNs,new_media_life,,,,
الكابوس | الدحيح,https://www.youtube.com/watch?v=UiOo-3iSon8,new_media_life,,,,
Oppenheimer | الدحيح,https://www.youtube.com/watch?v=QpIHg8dhBEE,new_media_life,,,,
لا تأكل بالشوكة | الدحيح,https://www.youtube.com/watch?v=2Ny5xYj2BEk,new_media_life,,,,
فيلم رعب | الدحيح,https://www.youtube.com/watch?v=HCSa0iwe4FM,new_media_life,,,,
أحلى برجر في العالم | الدحيح,https://www.youtube.com/watch?v=-krXlF9grZQ,new_media_life,,,,
الفيل | الدحيح,https://www.youtube.com/watch?v=vHdFpIYvl88,new_media_life,,,,
الحشاشين | الدحيح,https://www.youtube.com/watch?v=nIUTsuHD4-4,new_media_life,,,,
أخطر من النووي | الدحيح,https://www.youtube.com/watch?v=D-gdILNwf7I,new_media_life,,,,
تاريخ الرقص الشرقي | الدحيح,https://www.youtube.com/watch?v=DXEQoFp52U4,new_media_life,,,,
موسم جديد من الدحيح,https://www.youtube.com/watch?v=moeKh8jCTdc,new_media_life,,,,
من حلقة الملل من برنامج الدحيح,https://www.youtube.com/watch?v=QIxn0k_nF0Q,new_media_life,,,,
الدحيح | تشارلي شابلن,https://www.youtube.com/watch?v=2GWf-doE-Gg,new_media_life,,,,
الدحيح | الإيدز,https://www.youtube.com/watch?v=uuy4Qs873mE,new_media_life,,,,
الدحيح | بنحب نحارب,https://www.youtube.com/watch?v=o0D338ZgGzA,new_media_life,,,,
الدحيح | الإنسان يمكنه الفوز على الفهد,https://www.youtube.com/watch?v=B6JdDNN0soU,new_media_life,,,,
الدحيح | الفيروسات,https://www.youtube.com/watch?v=dbPotaUWC08,new_media_life,,,,
الدحيح | وجع البنات,https://www.youtube.com/watch?v=V_SwWCz5-8E,new_media_life,,,,
الدحيح | تاريخ الفلك,https://www.youtube.com/watch?v=ul2BmQM1XA4,new_media_life,,,,
الدحيح | ركز في اللعب,https://www.youtube.com/watch?v=R6Z1a8tkX-U,new_media_life,,,,
الدحيح | نهاية الحرب الباردة,https://www.youtube.com/watch?v=YrDrtS4bnhI,new_media_life,,,,
الدحيح | الحرب الباردة,https://www.youtube.com/watch?v=xXvU3Dr554Y,new_media_life,,,,
الدحيح | فخر العرب,https://www.youtube.com/watch?v=0gxgHRda7Do,new_media_life,,,,
الدحيح | الكوانتم كمبيوتر,https://www.youtube.com/watch?v=XMrTrxP6ZnQ,new_media_life,,,,
الدحيح | دولة المخدرات,https://www.youtube.com/watch?v=gJJDkVFQf8s,new_media_life,,,,
الدحيح | ماكدونالدز,https://www.youtube.com/watch?v=ch7nwiRd7UA,new_media_life,,,,
الدحيح | هندسة السيارات,https://www.youtube.com/watch?v=Za9EEd2bWlY,new_media_life,,,,
الدحيح | خناقات المتجوزين,https://www.youtube.com/watch?v=lR8SHxBFmC0,new_media_life,,,,
الدحيح | محكمة الفيسبوك,https://www.youtube.com/watch?v=FXBdC9glLn8,new_media_life,,,,
الدحيح | أعظم تجربة في الفيزياء,https://www.youtube.com/watch?v=gPJhjnnBNAs,new_media_life,,,,
الدحيح | الترجمة,https://www.youtube.com/watch?v=MYANNltgLbk,new_media_life,,,,
الدحيح | هندسة العمارة الطبية,https://www.youtube.com/watch?v=Y27q4vAvfy4,new_media_life,,,,
الدحيح | سفاح الصعيد,https://www.youtube.com/watch?v=bVnoFtZH5iI,new_media_life,,,,
الدحيح | الشرابات,https://www.youtube.com/watch?v=QhmzdMoi96A,new_media_life,,,,
الدحيح | الصداع النصفي,https://www.youtube.com/watch?v=gAgan7hxEOA,new_media_life,,,,
الدحيح | العلاج بالحرب,https://www.youtube.com/watch?v=kKWy6cO-Je0,new_media_life,,,,
الدحيح | آخر حلقة عن ميسي,https://www.youtube.com/watch?v=gekPW9EUfvg,new_media_life,,,,
الدحيح | تاريخ الكمبيوتر,https://www.youtube.com/watch?v=suhaKEbaf1w,new_media_life,,,,
الدحيح | الكتاب,https://www.youtube.com/watch?v=DrJ6zNZaSLo,new_media_life,,,,
الدحيح | جهاز كشف الكذب,https://www.youtube.com/watch?v=_XRzUhWF8ew,new_media_life,,,,
الدحيح | أبل,https://www.youtube.com/watch?v=mEdQhWgVxe0,new_media_life,,,,
الدحيح | قصة الأرض,https://www.youtube.com/watch?v=UmIq5LtBMQs,new_media_life,,,,
الدحيح | الشرير الذي أنقذ العالم,https://www.youtube.com/watch?v=cR2oCAMFnns,new_media_life,,,,
الدحيح | أبوالهول,https://www.youtube.com/watch?v=PR7R3s8ZrWw,new_media_life,,,,
الدحيح | جدار برلين,https://www.youtube.com/watch?v=3IZ36779aQc,new_media_life,,,,
الدحيح | الفئران,https://www.youtube.com/watch?v=2Fe7zm68kD4,new_media_life,,,,
الدحيح | لماذا لا أحب النجاح,https://www.youtube.com/watch?v=qJXZRjFZnbE,new_media_life,,,,
الدحيح | جري الوحوش,https://www.youtube.com/watch?v=ZAvO6QJX8gI,new_media_life,,,,
الدحيح | القلب,https://www.youtube.com/watch?v=H1hGOo0d1Vo,new_media_life,,,,
الدحيح | الأزاريطة,https://www.youtube.com/watch?v=OTnL5TpM_Bs,new_media_life,,,,
الدحيح | محمد فوزي,https://www.youtube.com/watch?v=u2a6UKacaU4,new_media_life,,,,
الدحيح | ليه المصريين جامدين في الاسكواش؟,https://www.youtube.com/watch?v=zykcNlnztT4,new_media_life,,,,
الدحيح | الترانزستور,https://www.youtube.com/watch?v=a8BN5ho9oik,new_media_life,,,,
الدحيح | أخطار الميك أب,https://www.youtube.com/watch?v=-1wq0KL5lvM,new_media_life,,,,
الدحيح | لانش بوكس,https://www.youtube.com/watch?v=7r0U5BbBHPs,new_media_life,,,,
الدحيح | عمليات التجميل,https://www.youtube.com/watch?v=YN16vJRqCGQ,new_media_life,,,,
الدحيح | رحمة الموت,https://www.youtube.com/watch?v=wKi0ETe_zY8,new_media_life,,,,
الدحيح | الدورة الشهرية,https://www.youtube.com/watch?v=PIn-givpaE0,new_media_life,,,,
الدحيح | سمكة القرش,https://www.youtube.com/watch?v=cOch7WzE86o,new_media_life,,,,
الدحيح | الشيخوخة,https://www.youtube.com/watch?v=NW5DLCWdsbs,new_media_life,,,,
الدحيح | هل الارض مسطحة؟,https://www.youtube.com/watch?v=QPaI8xVWBjY,new_media_life,,,,
الدحيح | خمر الصالحين,https://www.youtube.com/watch?v=NNEhETUAPQQ,new_media_life,,,,
الدحيح | أين ذهبت النساء؟,https://www.youtube.com/watch?v=x_fW3gRHp2M,new_media_life,,,,
الدحيح | الملل,https://www.youtube.com/watch?v=tLUqvthSY6s,new_media_life,,,,
